,Accuracy,Precision ,Recall ,F1-score 
0,0.9994898059300249,0.3920353982300885,0.9672489082969432,0.5579345088161209
1,0.9623188405797102,0.9268617021276596,0.9680555555555556,0.9470108695652174
